{
  "backpropType" : "Standard",
  "cacheMode" : "NONE",
  "confs" : [ {
    "cacheMode" : "NONE",
    "dataType" : "FLOAT",
    "epochCount" : 0,
    "iterationCount" : 0,
    "layer" : {
      "@class" : "org.deeplearning4j.nn.conf.layers.ConvolutionLayer",
      "activationFn" : {
        "@class" : "org.nd4j.linalg.activations.impl.ActivationIdentity"
      },
      "biasInit" : 0.0,
      "biasUpdater" : null,
      "constraints" : null,
      "convolutionMode" : "Same",
      "cudnnAlgoMode" : "PREFER_FASTEST",
      "cudnnAllowFallback" : true,
      "cudnnBwdDataAlgo" : null,
      "cudnnBwdFilterAlgo" : null,
      "cudnnFwdAlgo" : null,
      "dilation" : [ 1, 1 ],
      "gainInit" : 1.0,
      "gradientNormalization" : "None",
      "gradientNormalizationThreshold" : 1.0,
      "hasBias" : true,
      "idropout" : null,
      "iupdater" : {
        "@class" : "org.nd4j.linalg.learning.config.AdaDelta",
        "epsilon" : 1.0E-6,
        "rho" : 0.95
      },
      "kernelSize" : [ 7, 7 ],
      "layerName" : "image_array",
      "nin" : 3,
      "nout" : 16,
      "padding" : [ 0, 0 ],
      "regularization" : [ ],
      "regularizationBias" : [ ],
      "stride" : [ 1, 1 ],
      "weightInitFn" : {
        "@class" : "org.deeplearning4j.nn.weights.WeightInitRelu"
      },
      "weightNoise" : null
    },
    "maxNumLineSearchIterations" : 5,
    "miniBatch" : true,
    "minimize" : true,
    "optimizationAlgo" : "STOCHASTIC_GRADIENT_DESCENT",
    "seed" : 1234,
    "stepFunction" : null,
    "variables" : [ "W", "b" ]
  }, {
    "cacheMode" : "NONE",
    "dataType" : "FLOAT",
    "epochCount" : 0,
    "iterationCount" : 0,
    "layer" : {
      "@class" : "org.deeplearning4j.nn.conf.layers.BatchNormalization",
      "activationFn" : {
        "@class" : "org.nd4j.linalg.activations.impl.ActivationIdentity"
      },
      "beta" : 0.0,
      "biasInit" : 0.0,
      "biasUpdater" : null,
      "constraints" : null,
      "cudnnAllowFallback" : true,
      "decay" : 0.9,
      "eps" : 1.0E-5,
      "gainInit" : 1.0,
      "gamma" : 1.0,
      "gradientNormalization" : "None",
      "gradientNormalizationThreshold" : 1.0,
      "idropout" : null,
      "iupdater" : {
        "@class" : "org.nd4j.linalg.learning.config.AdaDelta",
        "epsilon" : 1.0E-6,
        "rho" : 0.95
      },
      "layerName" : "layer1",
      "lockGammaBeta" : false,
      "minibatch" : true,
      "nin" : 16,
      "nout" : 16,
      "regularization" : [ ],
      "regularizationBias" : [ ],
      "useLogStd" : true,
      "weightInitFn" : {
        "@class" : "org.deeplearning4j.nn.weights.WeightInitRelu"
      },
      "weightNoise" : null
    },
    "maxNumLineSearchIterations" : 5,
    "miniBatch" : true,
    "minimize" : true,
    "optimizationAlgo" : "STOCHASTIC_GRADIENT_DESCENT",
    "seed" : 1234,
    "stepFunction" : null,
    "variables" : [ "gamma", "beta", "mean", "log10stdev" ]
  }, {
    "cacheMode" : "NONE",
    "dataType" : "FLOAT",
    "epochCount" : 0,
    "iterationCount" : 0,
    "layer" : {
      "@class" : "org.deeplearning4j.nn.conf.layers.ConvolutionLayer",
      "activationFn" : {
        "@class" : "org.nd4j.linalg.activations.impl.ActivationIdentity"
      },
      "biasInit" : 0.0,
      "biasUpdater" : null,
      "constraints" : null,
      "convolutionMode" : "Same",
      "cudnnAlgoMode" : "PREFER_FASTEST",
      "cudnnAllowFallback" : true,
      "cudnnBwdDataAlgo" : null,
      "cudnnBwdFilterAlgo" : null,
      "cudnnFwdAlgo" : null,
      "dilation" : [ 1, 1 ],
      "gainInit" : 1.0,
      "gradientNormalization" : "None",
      "gradientNormalizationThreshold" : 1.0,
      "hasBias" : true,
      "idropout" : null,
      "iupdater" : {
        "@class" : "org.nd4j.linalg.learning.config.AdaDelta",
        "epsilon" : 1.0E-6,
        "rho" : 0.95
      },
      "kernelSize" : [ 7, 7 ],
      "layerName" : "layer2",
      "nin" : 16,
      "nout" : 16,
      "padding" : [ 0, 0 ],
      "regularization" : [ ],
      "regularizationBias" : [ ],
      "stride" : [ 1, 1 ],
      "weightInitFn" : {
        "@class" : "org.deeplearning4j.nn.weights.WeightInitRelu"
      },
      "weightNoise" : null
    },
    "maxNumLineSearchIterations" : 5,
    "miniBatch" : true,
    "minimize" : true,
    "optimizationAlgo" : "STOCHASTIC_GRADIENT_DESCENT",
    "seed" : 1234,
    "stepFunction" : null,
    "variables" : [ "W", "b" ]
  }, {
    "cacheMode" : "NONE",
    "dataType" : "FLOAT",
    "epochCount" : 0,
    "iterationCount" : 0,
    "layer" : {
      "@class" : "org.deeplearning4j.nn.conf.layers.BatchNormalization",
      "activationFn" : {
        "@class" : "org.nd4j.linalg.activations.impl.ActivationIdentity"
      },
      "beta" : 0.0,
      "biasInit" : 0.0,
      "biasUpdater" : null,
      "constraints" : null,
      "cudnnAllowFallback" : true,
      "decay" : 0.9,
      "eps" : 1.0E-5,
      "gainInit" : 1.0,
      "gamma" : 1.0,
      "gradientNormalization" : "None",
      "gradientNormalizationThreshold" : 1.0,
      "idropout" : null,
      "iupdater" : {
        "@class" : "org.nd4j.linalg.learning.config.AdaDelta",
        "epsilon" : 1.0E-6,
        "rho" : 0.95
      },
      "layerName" : "layer3",
      "lockGammaBeta" : false,
      "minibatch" : true,
      "nin" : 16,
      "nout" : 16,
      "regularization" : [ ],
      "regularizationBias" : [ ],
      "useLogStd" : true,
      "weightInitFn" : {
        "@class" : "org.deeplearning4j.nn.weights.WeightInitRelu"
      },
      "weightNoise" : null
    },
    "maxNumLineSearchIterations" : 5,
    "miniBatch" : true,
    "minimize" : true,
    "optimizationAlgo" : "STOCHASTIC_GRADIENT_DESCENT",
    "seed" : 1234,
    "stepFunction" : null,
    "variables" : [ "gamma", "beta", "mean", "log10stdev" ]
  }, {
    "cacheMode" : "NONE",
    "dataType" : "FLOAT",
    "epochCount" : 0,
    "iterationCount" : 0,
    "layer" : {
      "@class" : "org.deeplearning4j.nn.conf.layers.ActivationLayer",
      "activationFn" : {
        "@class" : "org.nd4j.linalg.activations.impl.ActivationReLU"
      },
      "constraints" : null,
      "gradientNormalization" : "None",
      "gradientNormalizationThreshold" : 0.0,
      "idropout" : null,
      "layerName" : "layer4"
    },
    "maxNumLineSearchIterations" : 5,
    "miniBatch" : true,
    "minimize" : true,
    "optimizationAlgo" : "STOCHASTIC_GRADIENT_DESCENT",
    "seed" : 1234,
    "stepFunction" : null,
    "variables" : [ ]
  }, {
    "cacheMode" : "NONE",
    "dataType" : "FLOAT",
    "epochCount" : 0,
    "iterationCount" : 0,
    "layer" : {
      "@class" : "org.deeplearning4j.nn.conf.layers.SubsamplingLayer",
      "avgPoolIncludePadInDivisor" : false,
      "constraints" : null,
      "convolutionMode" : "Same",
      "cudnnAllowFallback" : true,
      "dilation" : [ 1, 1 ],
      "eps" : 1.0E-8,
      "gradientNormalization" : "None",
      "gradientNormalizationThreshold" : 0.0,
      "idropout" : null,
      "kernelSize" : [ 2, 2 ],
      "layerName" : "layer5",
      "padding" : [ 0, 0 ],
      "pnorm" : 0,
      "poolingType" : "AVG",
      "stride" : [ 2, 2 ]
    },
    "maxNumLineSearchIterations" : 5,
    "miniBatch" : true,
    "minimize" : true,
    "optimizationAlgo" : "STOCHASTIC_GRADIENT_DESCENT",
    "seed" : 1234,
    "stepFunction" : null,
    "variables" : [ ]
  }, {
    "cacheMode" : "NONE",
    "dataType" : "FLOAT",
    "epochCount" : 0,
    "iterationCount" : 0,
    "layer" : {
      "@class" : "org.deeplearning4j.nn.conf.layers.DropoutLayer",
      "activationFn" : {
        "@class" : "org.nd4j.linalg.activations.impl.ActivationIdentity"
      },
      "biasInit" : 0.0,
      "biasUpdater" : null,
      "constraints" : null,
      "gainInit" : 1.0,
      "gradientNormalization" : "None",
      "gradientNormalizationThreshold" : 1.0,
      "idropout" : {
        "@class" : "org.deeplearning4j.nn.conf.dropout.Dropout",
        "p" : 0.5,
        "helperAllowFallback" : true,
        "initializedHelper" : false,
        "pschedule" : null
      },
      "iupdater" : {
        "@class" : "org.nd4j.linalg.learning.config.AdaDelta",
        "epsilon" : 1.0E-6,
        "rho" : 0.95
      },
      "layerName" : "layer6",
      "nin" : 0,
      "nout" : 0,
      "regularization" : [ ],
      "regularizationBias" : [ ],
      "weightInitFn" : {
        "@class" : "org.deeplearning4j.nn.weights.WeightInitRelu"
      },
      "weightNoise" : null
    },
    "maxNumLineSearchIterations" : 5,
    "miniBatch" : true,
    "minimize" : true,
    "optimizationAlgo" : "STOCHASTIC_GRADIENT_DESCENT",
    "seed" : 1234,
    "stepFunction" : null,
    "variables" : [ ]
  }, {
    "cacheMode" : "NONE",
    "dataType" : "FLOAT",
    "epochCount" : 0,
    "iterationCount" : 0,
    "layer" : {
      "@class" : "org.deeplearning4j.nn.conf.layers.ConvolutionLayer",
      "activationFn" : {
        "@class" : "org.nd4j.linalg.activations.impl.ActivationIdentity"
      },
      "biasInit" : 0.0,
      "biasUpdater" : null,
      "constraints" : null,
      "convolutionMode" : "Same",
      "cudnnAlgoMode" : "PREFER_FASTEST",
      "cudnnAllowFallback" : true,
      "cudnnBwdDataAlgo" : null,
      "cudnnBwdFilterAlgo" : null,
      "cudnnFwdAlgo" : null,
      "dilation" : [ 1, 1 ],
      "gainInit" : 1.0,
      "gradientNormalization" : "None",
      "gradientNormalizationThreshold" : 1.0,
      "hasBias" : true,
      "idropout" : null,
      "iupdater" : {
        "@class" : "org.nd4j.linalg.learning.config.AdaDelta",
        "epsilon" : 1.0E-6,
        "rho" : 0.95
      },
      "kernelSize" : [ 5, 5 ],
      "layerName" : "layer7",
      "nin" : 16,
      "nout" : 32,
      "padding" : [ 0, 0 ],
      "regularization" : [ ],
      "regularizationBias" : [ ],
      "stride" : [ 1, 1 ],
      "weightInitFn" : {
        "@class" : "org.deeplearning4j.nn.weights.WeightInitRelu"
      },
      "weightNoise" : null
    },
    "maxNumLineSearchIterations" : 5,
    "miniBatch" : true,
    "minimize" : true,
    "optimizationAlgo" : "STOCHASTIC_GRADIENT_DESCENT",
    "seed" : 1234,
    "stepFunction" : null,
    "variables" : [ "W", "b" ]
  }, {
    "cacheMode" : "NONE",
    "dataType" : "FLOAT",
    "epochCount" : 0,
    "iterationCount" : 0,
    "layer" : {
      "@class" : "org.deeplearning4j.nn.conf.layers.BatchNormalization",
      "activationFn" : {
        "@class" : "org.nd4j.linalg.activations.impl.ActivationIdentity"
      },
      "beta" : 0.0,
      "biasInit" : 0.0,
      "biasUpdater" : null,
      "constraints" : null,
      "cudnnAllowFallback" : true,
      "decay" : 0.9,
      "eps" : 1.0E-5,
      "gainInit" : 1.0,
      "gamma" : 1.0,
      "gradientNormalization" : "None",
      "gradientNormalizationThreshold" : 1.0,
      "idropout" : null,
      "iupdater" : {
        "@class" : "org.nd4j.linalg.learning.config.AdaDelta",
        "epsilon" : 1.0E-6,
        "rho" : 0.95
      },
      "layerName" : "layer8",
      "lockGammaBeta" : false,
      "minibatch" : true,
      "nin" : 32,
      "nout" : 32,
      "regularization" : [ ],
      "regularizationBias" : [ ],
      "useLogStd" : true,
      "weightInitFn" : {
        "@class" : "org.deeplearning4j.nn.weights.WeightInitRelu"
      },
      "weightNoise" : null
    },
    "maxNumLineSearchIterations" : 5,
    "miniBatch" : true,
    "minimize" : true,
    "optimizationAlgo" : "STOCHASTIC_GRADIENT_DESCENT",
    "seed" : 1234,
    "stepFunction" : null,
    "variables" : [ "gamma", "beta", "mean", "log10stdev" ]
  }, {
    "cacheMode" : "NONE",
    "dataType" : "FLOAT",
    "epochCount" : 0,
    "iterationCount" : 0,
    "layer" : {
      "@class" : "org.deeplearning4j.nn.conf.layers.ConvolutionLayer",
      "activationFn" : {
        "@class" : "org.nd4j.linalg.activations.impl.ActivationIdentity"
      },
      "biasInit" : 0.0,
      "biasUpdater" : null,
      "constraints" : null,
      "convolutionMode" : "Same",
      "cudnnAlgoMode" : "PREFER_FASTEST",
      "cudnnAllowFallback" : true,
      "cudnnBwdDataAlgo" : null,
      "cudnnBwdFilterAlgo" : null,
      "cudnnFwdAlgo" : null,
      "dilation" : [ 1, 1 ],
      "gainInit" : 1.0,
      "gradientNormalization" : "None",
      "gradientNormalizationThreshold" : 1.0,
      "hasBias" : true,
      "idropout" : null,
      "iupdater" : {
        "@class" : "org.nd4j.linalg.learning.config.AdaDelta",
        "epsilon" : 1.0E-6,
        "rho" : 0.95
      },
      "kernelSize" : [ 5, 5 ],
      "layerName" : "layer9",
      "nin" : 32,
      "nout" : 32,
      "padding" : [ 0, 0 ],
      "regularization" : [ ],
      "regularizationBias" : [ ],
      "stride" : [ 1, 1 ],
      "weightInitFn" : {
        "@class" : "org.deeplearning4j.nn.weights.WeightInitRelu"
      },
      "weightNoise" : null
    },
    "maxNumLineSearchIterations" : 5,
    "miniBatch" : true,
    "minimize" : true,
    "optimizationAlgo" : "STOCHASTIC_GRADIENT_DESCENT",
    "seed" : 1234,
    "stepFunction" : null,
    "variables" : [ "W", "b" ]
  }, {
    "cacheMode" : "NONE",
    "dataType" : "FLOAT",
    "epochCount" : 0,
    "iterationCount" : 0,
    "layer" : {
      "@class" : "org.deeplearning4j.nn.conf.layers.BatchNormalization",
      "activationFn" : {
        "@class" : "org.nd4j.linalg.activations.impl.ActivationIdentity"
      },
      "beta" : 0.0,
      "biasInit" : 0.0,
      "biasUpdater" : null,
      "constraints" : null,
      "cudnnAllowFallback" : true,
      "decay" : 0.9,
      "eps" : 1.0E-5,
      "gainInit" : 1.0,
      "gamma" : 1.0,
      "gradientNormalization" : "None",
      "gradientNormalizationThreshold" : 1.0,
      "idropout" : null,
      "iupdater" : {
        "@class" : "org.nd4j.linalg.learning.config.AdaDelta",
        "epsilon" : 1.0E-6,
        "rho" : 0.95
      },
      "layerName" : "layer10",
      "lockGammaBeta" : false,
      "minibatch" : true,
      "nin" : 32,
      "nout" : 32,
      "regularization" : [ ],
      "regularizationBias" : [ ],
      "useLogStd" : true,
      "weightInitFn" : {
        "@class" : "org.deeplearning4j.nn.weights.WeightInitRelu"
      },
      "weightNoise" : null
    },
    "maxNumLineSearchIterations" : 5,
    "miniBatch" : true,
    "minimize" : true,
    "optimizationAlgo" : "STOCHASTIC_GRADIENT_DESCENT",
    "seed" : 1234,
    "stepFunction" : null,
    "variables" : [ "gamma", "beta", "mean", "log10stdev" ]
  }, {
    "cacheMode" : "NONE",
    "dataType" : "FLOAT",
    "epochCount" : 0,
    "iterationCount" : 0,
    "layer" : {
      "@class" : "org.deeplearning4j.nn.conf.layers.ActivationLayer",
      "activationFn" : {
        "@class" : "org.nd4j.linalg.activations.impl.ActivationReLU"
      },
      "constraints" : null,
      "gradientNormalization" : "None",
      "gradientNormalizationThreshold" : 0.0,
      "idropout" : null,
      "layerName" : "layer11"
    },
    "maxNumLineSearchIterations" : 5,
    "miniBatch" : true,
    "minimize" : true,
    "optimizationAlgo" : "STOCHASTIC_GRADIENT_DESCENT",
    "seed" : 1234,
    "stepFunction" : null,
    "variables" : [ ]
  }, {
    "cacheMode" : "NONE",
    "dataType" : "FLOAT",
    "epochCount" : 0,
    "iterationCount" : 0,
    "layer" : {
      "@class" : "org.deeplearning4j.nn.conf.layers.SubsamplingLayer",
      "avgPoolIncludePadInDivisor" : false,
      "constraints" : null,
      "convolutionMode" : "Same",
      "cudnnAllowFallback" : true,
      "dilation" : [ 1, 1 ],
      "eps" : 1.0E-8,
      "gradientNormalization" : "None",
      "gradientNormalizationThreshold" : 0.0,
      "idropout" : null,
      "kernelSize" : [ 2, 2 ],
      "layerName" : "layer12",
      "padding" : [ 0, 0 ],
      "pnorm" : 0,
      "poolingType" : "AVG",
      "stride" : [ 2, 2 ]
    },
    "maxNumLineSearchIterations" : 5,
    "miniBatch" : true,
    "minimize" : true,
    "optimizationAlgo" : "STOCHASTIC_GRADIENT_DESCENT",
    "seed" : 1234,
    "stepFunction" : null,
    "variables" : [ ]
  }, {
    "cacheMode" : "NONE",
    "dataType" : "FLOAT",
    "epochCount" : 0,
    "iterationCount" : 0,
    "layer" : {
      "@class" : "org.deeplearning4j.nn.conf.layers.DropoutLayer",
      "activationFn" : {
        "@class" : "org.nd4j.linalg.activations.impl.ActivationIdentity"
      },
      "biasInit" : 0.0,
      "biasUpdater" : null,
      "constraints" : null,
      "gainInit" : 1.0,
      "gradientNormalization" : "None",
      "gradientNormalizationThreshold" : 1.0,
      "idropout" : {
        "@class" : "org.deeplearning4j.nn.conf.dropout.Dropout",
        "p" : 0.5,
        "helperAllowFallback" : true,
        "initializedHelper" : false,
        "pschedule" : null
      },
      "iupdater" : {
        "@class" : "org.nd4j.linalg.learning.config.AdaDelta",
        "epsilon" : 1.0E-6,
        "rho" : 0.95
      },
      "layerName" : "layer13",
      "nin" : 0,
      "nout" : 0,
      "regularization" : [ ],
      "regularizationBias" : [ ],
      "weightInitFn" : {
        "@class" : "org.deeplearning4j.nn.weights.WeightInitRelu"
      },
      "weightNoise" : null
    },
    "maxNumLineSearchIterations" : 5,
    "miniBatch" : true,
    "minimize" : true,
    "optimizationAlgo" : "STOCHASTIC_GRADIENT_DESCENT",
    "seed" : 1234,
    "stepFunction" : null,
    "variables" : [ ]
  }, {
    "cacheMode" : "NONE",
    "dataType" : "FLOAT",
    "epochCount" : 0,
    "iterationCount" : 0,
    "layer" : {
      "@class" : "org.deeplearning4j.nn.conf.layers.ConvolutionLayer",
      "activationFn" : {
        "@class" : "org.nd4j.linalg.activations.impl.ActivationIdentity"
      },
      "biasInit" : 0.0,
      "biasUpdater" : null,
      "constraints" : null,
      "convolutionMode" : "Same",
      "cudnnAlgoMode" : "PREFER_FASTEST",
      "cudnnAllowFallback" : true,
      "cudnnBwdDataAlgo" : null,
      "cudnnBwdFilterAlgo" : null,
      "cudnnFwdAlgo" : null,
      "dilation" : [ 1, 1 ],
      "gainInit" : 1.0,
      "gradientNormalization" : "None",
      "gradientNormalizationThreshold" : 1.0,
      "hasBias" : true,
      "idropout" : null,
      "iupdater" : {
        "@class" : "org.nd4j.linalg.learning.config.AdaDelta",
        "epsilon" : 1.0E-6,
        "rho" : 0.95
      },
      "kernelSize" : [ 3, 3 ],
      "layerName" : "layer14",
      "nin" : 32,
      "nout" : 64,
      "padding" : [ 0, 0 ],
      "regularization" : [ ],
      "regularizationBias" : [ ],
      "stride" : [ 1, 1 ],
      "weightInitFn" : {
        "@class" : "org.deeplearning4j.nn.weights.WeightInitRelu"
      },
      "weightNoise" : null
    },
    "maxNumLineSearchIterations" : 5,
    "miniBatch" : true,
    "minimize" : true,
    "optimizationAlgo" : "STOCHASTIC_GRADIENT_DESCENT",
    "seed" : 1234,
    "stepFunction" : null,
    "variables" : [ "W", "b" ]
  }, {
    "cacheMode" : "NONE",
    "dataType" : "FLOAT",
    "epochCount" : 0,
    "iterationCount" : 0,
    "layer" : {
      "@class" : "org.deeplearning4j.nn.conf.layers.BatchNormalization",
      "activationFn" : {
        "@class" : "org.nd4j.linalg.activations.impl.ActivationIdentity"
      },
      "beta" : 0.0,
      "biasInit" : 0.0,
      "biasUpdater" : null,
      "constraints" : null,
      "cudnnAllowFallback" : true,
      "decay" : 0.9,
      "eps" : 1.0E-5,
      "gainInit" : 1.0,
      "gamma" : 1.0,
      "gradientNormalization" : "None",
      "gradientNormalizationThreshold" : 1.0,
      "idropout" : null,
      "iupdater" : {
        "@class" : "org.nd4j.linalg.learning.config.AdaDelta",
        "epsilon" : 1.0E-6,
        "rho" : 0.95
      },
      "layerName" : "layer15",
      "lockGammaBeta" : false,
      "minibatch" : true,
      "nin" : 64,
      "nout" : 64,
      "regularization" : [ ],
      "regularizationBias" : [ ],
      "useLogStd" : true,
      "weightInitFn" : {
        "@class" : "org.deeplearning4j.nn.weights.WeightInitRelu"
      },
      "weightNoise" : null
    },
    "maxNumLineSearchIterations" : 5,
    "miniBatch" : true,
    "minimize" : true,
    "optimizationAlgo" : "STOCHASTIC_GRADIENT_DESCENT",
    "seed" : 1234,
    "stepFunction" : null,
    "variables" : [ "gamma", "beta", "mean", "log10stdev" ]
  }, {
    "cacheMode" : "NONE",
    "dataType" : "FLOAT",
    "epochCount" : 0,
    "iterationCount" : 0,
    "layer" : {
      "@class" : "org.deeplearning4j.nn.conf.layers.ConvolutionLayer",
      "activationFn" : {
        "@class" : "org.nd4j.linalg.activations.impl.ActivationIdentity"
      },
      "biasInit" : 0.0,
      "biasUpdater" : null,
      "constraints" : null,
      "convolutionMode" : "Same",
      "cudnnAlgoMode" : "PREFER_FASTEST",
      "cudnnAllowFallback" : true,
      "cudnnBwdDataAlgo" : null,
      "cudnnBwdFilterAlgo" : null,
      "cudnnFwdAlgo" : null,
      "dilation" : [ 1, 1 ],
      "gainInit" : 1.0,
      "gradientNormalization" : "None",
      "gradientNormalizationThreshold" : 1.0,
      "hasBias" : true,
      "idropout" : null,
      "iupdater" : {
        "@class" : "org.nd4j.linalg.learning.config.AdaDelta",
        "epsilon" : 1.0E-6,
        "rho" : 0.95
      },
      "kernelSize" : [ 3, 3 ],
      "layerName" : "layer16",
      "nin" : 64,
      "nout" : 64,
      "padding" : [ 0, 0 ],
      "regularization" : [ ],
      "regularizationBias" : [ ],
      "stride" : [ 1, 1 ],
      "weightInitFn" : {
        "@class" : "org.deeplearning4j.nn.weights.WeightInitRelu"
      },
      "weightNoise" : null
    },
    "maxNumLineSearchIterations" : 5,
    "miniBatch" : true,
    "minimize" : true,
    "optimizationAlgo" : "STOCHASTIC_GRADIENT_DESCENT",
    "seed" : 1234,
    "stepFunction" : null,
    "variables" : [ "W", "b" ]
  }, {
    "cacheMode" : "NONE",
    "dataType" : "FLOAT",
    "epochCount" : 0,
    "iterationCount" : 0,
    "layer" : {
      "@class" : "org.deeplearning4j.nn.conf.layers.BatchNormalization",
      "activationFn" : {
        "@class" : "org.nd4j.linalg.activations.impl.ActivationIdentity"
      },
      "beta" : 0.0,
      "biasInit" : 0.0,
      "biasUpdater" : null,
      "constraints" : null,
      "cudnnAllowFallback" : true,
      "decay" : 0.9,
      "eps" : 1.0E-5,
      "gainInit" : 1.0,
      "gamma" : 1.0,
      "gradientNormalization" : "None",
      "gradientNormalizationThreshold" : 1.0,
      "idropout" : null,
      "iupdater" : {
        "@class" : "org.nd4j.linalg.learning.config.AdaDelta",
        "epsilon" : 1.0E-6,
        "rho" : 0.95
      },
      "layerName" : "layer17",
      "lockGammaBeta" : false,
      "minibatch" : true,
      "nin" : 64,
      "nout" : 64,
      "regularization" : [ ],
      "regularizationBias" : [ ],
      "useLogStd" : true,
      "weightInitFn" : {
        "@class" : "org.deeplearning4j.nn.weights.WeightInitRelu"
      },
      "weightNoise" : null
    },
    "maxNumLineSearchIterations" : 5,
    "miniBatch" : true,
    "minimize" : true,
    "optimizationAlgo" : "STOCHASTIC_GRADIENT_DESCENT",
    "seed" : 1234,
    "stepFunction" : null,
    "variables" : [ "gamma", "beta", "mean", "log10stdev" ]
  }, {
    "cacheMode" : "NONE",
    "dataType" : "FLOAT",
    "epochCount" : 0,
    "iterationCount" : 0,
    "layer" : {
      "@class" : "org.deeplearning4j.nn.conf.layers.ActivationLayer",
      "activationFn" : {
        "@class" : "org.nd4j.linalg.activations.impl.ActivationReLU"
      },
      "constraints" : null,
      "gradientNormalization" : "None",
      "gradientNormalizationThreshold" : 0.0,
      "idropout" : null,
      "layerName" : "layer18"
    },
    "maxNumLineSearchIterations" : 5,
    "miniBatch" : true,
    "minimize" : true,
    "optimizationAlgo" : "STOCHASTIC_GRADIENT_DESCENT",
    "seed" : 1234,
    "stepFunction" : null,
    "variables" : [ ]
  }, {
    "cacheMode" : "NONE",
    "dataType" : "FLOAT",
    "epochCount" : 0,
    "iterationCount" : 0,
    "layer" : {
      "@class" : "org.deeplearning4j.nn.conf.layers.SubsamplingLayer",
      "avgPoolIncludePadInDivisor" : false,
      "constraints" : null,
      "convolutionMode" : "Same",
      "cudnnAllowFallback" : true,
      "dilation" : [ 1, 1 ],
      "eps" : 1.0E-8,
      "gradientNormalization" : "None",
      "gradientNormalizationThreshold" : 0.0,
      "idropout" : null,
      "kernelSize" : [ 2, 2 ],
      "layerName" : "layer19",
      "padding" : [ 0, 0 ],
      "pnorm" : 0,
      "poolingType" : "AVG",
      "stride" : [ 2, 2 ]
    },
    "maxNumLineSearchIterations" : 5,
    "miniBatch" : true,
    "minimize" : true,
    "optimizationAlgo" : "STOCHASTIC_GRADIENT_DESCENT",
    "seed" : 1234,
    "stepFunction" : null,
    "variables" : [ ]
  }, {
    "cacheMode" : "NONE",
    "dataType" : "FLOAT",
    "epochCount" : 0,
    "iterationCount" : 0,
    "layer" : {
      "@class" : "org.deeplearning4j.nn.conf.layers.DropoutLayer",
      "activationFn" : {
        "@class" : "org.nd4j.linalg.activations.impl.ActivationIdentity"
      },
      "biasInit" : 0.0,
      "biasUpdater" : null,
      "constraints" : null,
      "gainInit" : 1.0,
      "gradientNormalization" : "None",
      "gradientNormalizationThreshold" : 1.0,
      "idropout" : {
        "@class" : "org.deeplearning4j.nn.conf.dropout.Dropout",
        "p" : 0.5,
        "helperAllowFallback" : true,
        "initializedHelper" : false,
        "pschedule" : null
      },
      "iupdater" : {
        "@class" : "org.nd4j.linalg.learning.config.AdaDelta",
        "epsilon" : 1.0E-6,
        "rho" : 0.95
      },
      "layerName" : "layer20",
      "nin" : 0,
      "nout" : 0,
      "regularization" : [ ],
      "regularizationBias" : [ ],
      "weightInitFn" : {
        "@class" : "org.deeplearning4j.nn.weights.WeightInitRelu"
      },
      "weightNoise" : null
    },
    "maxNumLineSearchIterations" : 5,
    "miniBatch" : true,
    "minimize" : true,
    "optimizationAlgo" : "STOCHASTIC_GRADIENT_DESCENT",
    "seed" : 1234,
    "stepFunction" : null,
    "variables" : [ ]
  }, {
    "cacheMode" : "NONE",
    "dataType" : "FLOAT",
    "epochCount" : 0,
    "iterationCount" : 0,
    "layer" : {
      "@class" : "org.deeplearning4j.nn.conf.layers.ConvolutionLayer",
      "activationFn" : {
        "@class" : "org.nd4j.linalg.activations.impl.ActivationIdentity"
      },
      "biasInit" : 0.0,
      "biasUpdater" : null,
      "constraints" : null,
      "convolutionMode" : "Same",
      "cudnnAlgoMode" : "PREFER_FASTEST",
      "cudnnAllowFallback" : true,
      "cudnnBwdDataAlgo" : null,
      "cudnnBwdFilterAlgo" : null,
      "cudnnFwdAlgo" : null,
      "dilation" : [ 1, 1 ],
      "gainInit" : 1.0,
      "gradientNormalization" : "None",
      "gradientNormalizationThreshold" : 1.0,
      "hasBias" : true,
      "idropout" : null,
      "iupdater" : {
        "@class" : "org.nd4j.linalg.learning.config.AdaDelta",
        "epsilon" : 1.0E-6,
        "rho" : 0.95
      },
      "kernelSize" : [ 3, 3 ],
      "layerName" : "layer21",
      "nin" : 64,
      "nout" : 128,
      "padding" : [ 0, 0 ],
      "regularization" : [ ],
      "regularizationBias" : [ ],
      "stride" : [ 1, 1 ],
      "weightInitFn" : {
        "@class" : "org.deeplearning4j.nn.weights.WeightInitRelu"
      },
      "weightNoise" : null
    },
    "maxNumLineSearchIterations" : 5,
    "miniBatch" : true,
    "minimize" : true,
    "optimizationAlgo" : "STOCHASTIC_GRADIENT_DESCENT",
    "seed" : 1234,
    "stepFunction" : null,
    "variables" : [ "W", "b" ]
  }, {
    "cacheMode" : "NONE",
    "dataType" : "FLOAT",
    "epochCount" : 0,
    "iterationCount" : 0,
    "layer" : {
      "@class" : "org.deeplearning4j.nn.conf.layers.BatchNormalization",
      "activationFn" : {
        "@class" : "org.nd4j.linalg.activations.impl.ActivationIdentity"
      },
      "beta" : 0.0,
      "biasInit" : 0.0,
      "biasUpdater" : null,
      "constraints" : null,
      "cudnnAllowFallback" : true,
      "decay" : 0.9,
      "eps" : 1.0E-5,
      "gainInit" : 1.0,
      "gamma" : 1.0,
      "gradientNormalization" : "None",
      "gradientNormalizationThreshold" : 1.0,
      "idropout" : null,
      "iupdater" : {
        "@class" : "org.nd4j.linalg.learning.config.AdaDelta",
        "epsilon" : 1.0E-6,
        "rho" : 0.95
      },
      "layerName" : "layer22",
      "lockGammaBeta" : false,
      "minibatch" : true,
      "nin" : 128,
      "nout" : 128,
      "regularization" : [ ],
      "regularizationBias" : [ ],
      "useLogStd" : true,
      "weightInitFn" : {
        "@class" : "org.deeplearning4j.nn.weights.WeightInitRelu"
      },
      "weightNoise" : null
    },
    "maxNumLineSearchIterations" : 5,
    "miniBatch" : true,
    "minimize" : true,
    "optimizationAlgo" : "STOCHASTIC_GRADIENT_DESCENT",
    "seed" : 1234,
    "stepFunction" : null,
    "variables" : [ "gamma", "beta", "mean", "log10stdev" ]
  }, {
    "cacheMode" : "NONE",
    "dataType" : "FLOAT",
    "epochCount" : 0,
    "iterationCount" : 0,
    "layer" : {
      "@class" : "org.deeplearning4j.nn.conf.layers.ConvolutionLayer",
      "activationFn" : {
        "@class" : "org.nd4j.linalg.activations.impl.ActivationIdentity"
      },
      "biasInit" : 0.0,
      "biasUpdater" : null,
      "constraints" : null,
      "convolutionMode" : "Same",
      "cudnnAlgoMode" : "PREFER_FASTEST",
      "cudnnAllowFallback" : true,
      "cudnnBwdDataAlgo" : null,
      "cudnnBwdFilterAlgo" : null,
      "cudnnFwdAlgo" : null,
      "dilation" : [ 1, 1 ],
      "gainInit" : 1.0,
      "gradientNormalization" : "None",
      "gradientNormalizationThreshold" : 1.0,
      "hasBias" : true,
      "idropout" : null,
      "iupdater" : {
        "@class" : "org.nd4j.linalg.learning.config.AdaDelta",
        "epsilon" : 1.0E-6,
        "rho" : 0.95
      },
      "kernelSize" : [ 3, 3 ],
      "layerName" : "layer23",
      "nin" : 128,
      "nout" : 128,
      "padding" : [ 0, 0 ],
      "regularization" : [ ],
      "regularizationBias" : [ ],
      "stride" : [ 1, 1 ],
      "weightInitFn" : {
        "@class" : "org.deeplearning4j.nn.weights.WeightInitRelu"
      },
      "weightNoise" : null
    },
    "maxNumLineSearchIterations" : 5,
    "miniBatch" : true,
    "minimize" : true,
    "optimizationAlgo" : "STOCHASTIC_GRADIENT_DESCENT",
    "seed" : 1234,
    "stepFunction" : null,
    "variables" : [ "W", "b" ]
  }, {
    "cacheMode" : "NONE",
    "dataType" : "FLOAT",
    "epochCount" : 0,
    "iterationCount" : 0,
    "layer" : {
      "@class" : "org.deeplearning4j.nn.conf.layers.BatchNormalization",
      "activationFn" : {
        "@class" : "org.nd4j.linalg.activations.impl.ActivationIdentity"
      },
      "beta" : 0.0,
      "biasInit" : 0.0,
      "biasUpdater" : null,
      "constraints" : null,
      "cudnnAllowFallback" : true,
      "decay" : 0.9,
      "eps" : 1.0E-5,
      "gainInit" : 1.0,
      "gamma" : 1.0,
      "gradientNormalization" : "None",
      "gradientNormalizationThreshold" : 1.0,
      "idropout" : null,
      "iupdater" : {
        "@class" : "org.nd4j.linalg.learning.config.AdaDelta",
        "epsilon" : 1.0E-6,
        "rho" : 0.95
      },
      "layerName" : "layer24",
      "lockGammaBeta" : false,
      "minibatch" : true,
      "nin" : 128,
      "nout" : 128,
      "regularization" : [ ],
      "regularizationBias" : [ ],
      "useLogStd" : true,
      "weightInitFn" : {
        "@class" : "org.deeplearning4j.nn.weights.WeightInitRelu"
      },
      "weightNoise" : null
    },
    "maxNumLineSearchIterations" : 5,
    "miniBatch" : true,
    "minimize" : true,
    "optimizationAlgo" : "STOCHASTIC_GRADIENT_DESCENT",
    "seed" : 1234,
    "stepFunction" : null,
    "variables" : [ "gamma", "beta", "mean", "log10stdev" ]
  }, {
    "cacheMode" : "NONE",
    "dataType" : "FLOAT",
    "epochCount" : 0,
    "iterationCount" : 0,
    "layer" : {
      "@class" : "org.deeplearning4j.nn.conf.layers.ActivationLayer",
      "activationFn" : {
        "@class" : "org.nd4j.linalg.activations.impl.ActivationReLU"
      },
      "constraints" : null,
      "gradientNormalization" : "None",
      "gradientNormalizationThreshold" : 0.0,
      "idropout" : null,
      "layerName" : "layer25"
    },
    "maxNumLineSearchIterations" : 5,
    "miniBatch" : true,
    "minimize" : true,
    "optimizationAlgo" : "STOCHASTIC_GRADIENT_DESCENT",
    "seed" : 1234,
    "stepFunction" : null,
    "variables" : [ ]
  }, {
    "cacheMode" : "NONE",
    "dataType" : "FLOAT",
    "epochCount" : 0,
    "iterationCount" : 0,
    "layer" : {
      "@class" : "org.deeplearning4j.nn.conf.layers.SubsamplingLayer",
      "avgPoolIncludePadInDivisor" : false,
      "constraints" : null,
      "convolutionMode" : "Same",
      "cudnnAllowFallback" : true,
      "dilation" : [ 1, 1 ],
      "eps" : 1.0E-8,
      "gradientNormalization" : "None",
      "gradientNormalizationThreshold" : 0.0,
      "idropout" : null,
      "kernelSize" : [ 2, 2 ],
      "layerName" : "layer26",
      "padding" : [ 0, 0 ],
      "pnorm" : 0,
      "poolingType" : "AVG",
      "stride" : [ 2, 2 ]
    },
    "maxNumLineSearchIterations" : 5,
    "miniBatch" : true,
    "minimize" : true,
    "optimizationAlgo" : "STOCHASTIC_GRADIENT_DESCENT",
    "seed" : 1234,
    "stepFunction" : null,
    "variables" : [ ]
  }, {
    "cacheMode" : "NONE",
    "dataType" : "FLOAT",
    "epochCount" : 0,
    "iterationCount" : 0,
    "layer" : {
      "@class" : "org.deeplearning4j.nn.conf.layers.DropoutLayer",
      "activationFn" : {
        "@class" : "org.nd4j.linalg.activations.impl.ActivationIdentity"
      },
      "biasInit" : 0.0,
      "biasUpdater" : null,
      "constraints" : null,
      "gainInit" : 1.0,
      "gradientNormalization" : "None",
      "gradientNormalizationThreshold" : 1.0,
      "idropout" : {
        "@class" : "org.deeplearning4j.nn.conf.dropout.Dropout",
        "p" : 0.5,
        "helperAllowFallback" : true,
        "initializedHelper" : false,
        "pschedule" : null
      },
      "iupdater" : {
        "@class" : "org.nd4j.linalg.learning.config.AdaDelta",
        "epsilon" : 1.0E-6,
        "rho" : 0.95
      },
      "layerName" : "layer27",
      "nin" : 0,
      "nout" : 0,
      "regularization" : [ ],
      "regularizationBias" : [ ],
      "weightInitFn" : {
        "@class" : "org.deeplearning4j.nn.weights.WeightInitRelu"
      },
      "weightNoise" : null
    },
    "maxNumLineSearchIterations" : 5,
    "miniBatch" : true,
    "minimize" : true,
    "optimizationAlgo" : "STOCHASTIC_GRADIENT_DESCENT",
    "seed" : 1234,
    "stepFunction" : null,
    "variables" : [ ]
  }, {
    "cacheMode" : "NONE",
    "dataType" : "FLOAT",
    "epochCount" : 0,
    "iterationCount" : 0,
    "layer" : {
      "@class" : "org.deeplearning4j.nn.conf.layers.ConvolutionLayer",
      "activationFn" : {
        "@class" : "org.nd4j.linalg.activations.impl.ActivationIdentity"
      },
      "biasInit" : 0.0,
      "biasUpdater" : null,
      "constraints" : null,
      "convolutionMode" : "Same",
      "cudnnAlgoMode" : "PREFER_FASTEST",
      "cudnnAllowFallback" : true,
      "cudnnBwdDataAlgo" : null,
      "cudnnBwdFilterAlgo" : null,
      "cudnnFwdAlgo" : null,
      "dilation" : [ 1, 1 ],
      "gainInit" : 1.0,
      "gradientNormalization" : "None",
      "gradientNormalizationThreshold" : 1.0,
      "hasBias" : true,
      "idropout" : null,
      "iupdater" : {
        "@class" : "org.nd4j.linalg.learning.config.AdaDelta",
        "epsilon" : 1.0E-6,
        "rho" : 0.95
      },
      "kernelSize" : [ 3, 3 ],
      "layerName" : "layer28",
      "nin" : 128,
      "nout" : 256,
      "padding" : [ 0, 0 ],
      "regularization" : [ ],
      "regularizationBias" : [ ],
      "stride" : [ 1, 1 ],
      "weightInitFn" : {
        "@class" : "org.deeplearning4j.nn.weights.WeightInitRelu"
      },
      "weightNoise" : null
    },
    "maxNumLineSearchIterations" : 5,
    "miniBatch" : true,
    "minimize" : true,
    "optimizationAlgo" : "STOCHASTIC_GRADIENT_DESCENT",
    "seed" : 1234,
    "stepFunction" : null,
    "variables" : [ "W", "b" ]
  }, {
    "cacheMode" : "NONE",
    "dataType" : "FLOAT",
    "epochCount" : 0,
    "iterationCount" : 0,
    "layer" : {
      "@class" : "org.deeplearning4j.nn.conf.layers.BatchNormalization",
      "activationFn" : {
        "@class" : "org.nd4j.linalg.activations.impl.ActivationIdentity"
      },
      "beta" : 0.0,
      "biasInit" : 0.0,
      "biasUpdater" : null,
      "constraints" : null,
      "cudnnAllowFallback" : true,
      "decay" : 0.9,
      "eps" : 1.0E-5,
      "gainInit" : 1.0,
      "gamma" : 1.0,
      "gradientNormalization" : "None",
      "gradientNormalizationThreshold" : 1.0,
      "idropout" : null,
      "iupdater" : {
        "@class" : "org.nd4j.linalg.learning.config.AdaDelta",
        "epsilon" : 1.0E-6,
        "rho" : 0.95
      },
      "layerName" : "layer29",
      "lockGammaBeta" : false,
      "minibatch" : true,
      "nin" : 256,
      "nout" : 256,
      "regularization" : [ ],
      "regularizationBias" : [ ],
      "useLogStd" : true,
      "weightInitFn" : {
        "@class" : "org.deeplearning4j.nn.weights.WeightInitRelu"
      },
      "weightNoise" : null
    },
    "maxNumLineSearchIterations" : 5,
    "miniBatch" : true,
    "minimize" : true,
    "optimizationAlgo" : "STOCHASTIC_GRADIENT_DESCENT",
    "seed" : 1234,
    "stepFunction" : null,
    "variables" : [ "gamma", "beta", "mean", "log10stdev" ]
  }, {
    "cacheMode" : "NONE",
    "dataType" : "FLOAT",
    "epochCount" : 0,
    "iterationCount" : 0,
    "layer" : {
      "@class" : "org.deeplearning4j.nn.conf.layers.ConvolutionLayer",
      "activationFn" : {
        "@class" : "org.nd4j.linalg.activations.impl.ActivationIdentity"
      },
      "biasInit" : 0.0,
      "biasUpdater" : null,
      "constraints" : null,
      "convolutionMode" : "Same",
      "cudnnAlgoMode" : "PREFER_FASTEST",
      "cudnnAllowFallback" : true,
      "cudnnBwdDataAlgo" : null,
      "cudnnBwdFilterAlgo" : null,
      "cudnnFwdAlgo" : null,
      "dilation" : [ 1, 1 ],
      "gainInit" : 1.0,
      "gradientNormalization" : "None",
      "gradientNormalizationThreshold" : 1.0,
      "hasBias" : true,
      "idropout" : null,
      "iupdater" : {
        "@class" : "org.nd4j.linalg.learning.config.AdaDelta",
        "epsilon" : 1.0E-6,
        "rho" : 0.95
      },
      "kernelSize" : [ 3, 3 ],
      "layerName" : "layer30",
      "nin" : 256,
      "nout" : 5,
      "padding" : [ 0, 0 ],
      "regularization" : [ ],
      "regularizationBias" : [ ],
      "stride" : [ 1, 1 ],
      "weightInitFn" : {
        "@class" : "org.deeplearning4j.nn.weights.WeightInitRelu"
      },
      "weightNoise" : null
    },
    "maxNumLineSearchIterations" : 5,
    "miniBatch" : true,
    "minimize" : true,
    "optimizationAlgo" : "STOCHASTIC_GRADIENT_DESCENT",
    "seed" : 1234,
    "stepFunction" : null,
    "variables" : [ "W", "b" ]
  }, {
    "cacheMode" : "NONE",
    "dataType" : "FLOAT",
    "epochCount" : 0,
    "iterationCount" : 0,
    "layer" : {
      "@class" : "org.deeplearning4j.nn.conf.layers.GlobalPoolingLayer",
      "collapseDimensions" : true,
      "constraints" : null,
      "gradientNormalization" : "None",
      "gradientNormalizationThreshold" : 0.0,
      "idropout" : null,
      "layerName" : "layer31",
      "pnorm" : 2,
      "poolingDimensions" : null,
      "poolingType" : "AVG"
    },
    "maxNumLineSearchIterations" : 5,
    "miniBatch" : true,
    "minimize" : true,
    "optimizationAlgo" : "STOCHASTIC_GRADIENT_DESCENT",
    "seed" : 1234,
    "stepFunction" : null,
    "variables" : [ ]
  }, {
    "cacheMode" : "NONE",
    "dataType" : "FLOAT",
    "epochCount" : 0,
    "iterationCount" : 0,
    "layer" : {
      "@class" : "org.deeplearning4j.nn.conf.layers.ActivationLayer",
      "activationFn" : {
        "@class" : "org.nd4j.linalg.activations.impl.ActivationSoftmax"
      },
      "constraints" : null,
      "gradientNormalization" : "None",
      "gradientNormalizationThreshold" : 0.0,
      "idropout" : null,
      "layerName" : "layer32"
    },
    "maxNumLineSearchIterations" : 5,
    "miniBatch" : true,
    "minimize" : true,
    "optimizationAlgo" : "STOCHASTIC_GRADIENT_DESCENT",
    "seed" : 1234,
    "stepFunction" : null,
    "variables" : [ ]
  } ],
  "dataType" : "FLOAT",
  "epochCount" : 0,
  "inferenceWorkspaceMode" : "ENABLED",
  "inputPreProcessors" : { },
  "iterationCount" : 0,
  "tbpttBackLength" : 20,
  "tbpttFwdLength" : 20,
  "trainingWorkspaceMode" : "ENABLED",
  "validateOutputLayerConfig" : true
}